id,image_path,caption,ndvi_mean,urban_mean,water_fraction,temp_mean,slope_mean
0,/mnt/data/satcap_dataset/images/sample_0000.png,dense vegetation near river; scattered settlements; cool surface; hilly terrain.,0.768961174517012,0.24663914784836125,0.150390625,0.4379239825310155,0.3514114100161531
1,/mnt/data/satcap_dataset/images/sample_0001.png,dense vegetation near river; scattered settlements; cool surface; hilly terrain.,0.755755280039462,0.2595447198509413,0.126953125,0.44943524871810125,0.3803366118946298
2,/mnt/data/satcap_dataset/images/sample_0002.png,dense vegetation near river; scattered settlements; cool surface; hilly terrain.,0.8084228072039699,0.2085888441334649,0.1484375,0.4265590324090117,0.37670156753422634
3,/mnt/data/satcap_dataset/images/sample_0003.png,dense vegetation near river; scattered settlements; cool surface; hilly terrain.,0.7829631164661954,0.23488392954026205,0.1484375,0.43572142775533573,0.37472809166829657
4,/mnt/data/satcap_dataset/images/sample_0004.png,dense vegetation near river; scattered settlements; cool surface; hilly terrain.,0.7914704460231714,0.22447657742396024,0.140625,0.4336592931530554,0.3995790800146286
5,/mnt/data/satcap_dataset/images/sample_0005.png,dense vegetation near river; scattered settlements; cool surface; hilly terrain.,0.7886498697517339,0.22611464811128185,0.140625,0.4318740691728936,0.37491996803615424
6,/mnt/data/satcap_dataset/images/sample_0006.png,dense vegetation near river; scattered settlements; cool surface; hilly terrain.,0.7850524056858093,0.2378502511810124,0.13671875,0.4390177892982263,0.3721241164717314
7,/mnt/data/satcap_dataset/images/sample_0007.png,dense vegetation near river; scattered settlements; cool surface; hilly terrain.,0.7669816891378248,0.24597991739041644,0.138671875,0.43962456714278353,0.3542368357725122
8,/mnt/data/satcap_dataset/images/sample_0008.png,dense vegetation near river; scattered settlements; cool surface; hilly terrain.,0.7882198007273649,0.23764256063319783,0.138671875,0.4355251831561189,0.3841212561090381
9,/mnt/data/satcap_dataset/images/sample_0009.png,dense vegetation near river; scattered settlements; cool surface; hilly terrain.,0.7711961046755075,0.24823640688224194,0.150390625,0.44222349886849643,0.3839021340194827
10,/mnt/data/satcap_dataset/images/sample_0010.png,dense vegetation near river; scattered settlements; cool surface; hilly terrain.,0.7759778234464124,0.24576484754044906,0.138671875,0.44160708512084323,0.3867897527349145
11,/mnt/data/satcap_dataset/images/sample_0011.png,dense vegetation near river; scattered settlements; cool surface; flat terrain.,0.760154676528328,0.259655474886443,0.150390625,0.44482152973115063,0.3466345037848476
12,/mnt/data/satcap_dataset/images/sample_0012.png,dense vegetation near river; scattered settlements; cool surface; hilly terrain.,0.7693849249738479,0.2502981693946504,0.150390625,0.44232073788333204,0.36571707922540964
13,/mnt/data/satcap_dataset/images/sample_0013.png,dense vegetation near river; scattered settlements; cool surface; hilly terrain.,0.7746132383964932,0.24323744605141023,0.138671875,0.44113127395851015,0.3757859210195159
14,/mnt/data/satcap_dataset/images/sample_0014.png,dense vegetation near river; scattered settlements; cool surface; hilly terrain.,0.7776198381972682,0.23686685491090925,0.142578125,0.4368204437899829,0.3917972701782947
15,/mnt/data/satcap_dataset/images/sample_0015.png,dense vegetation near river; scattered settlements; cool surface; hilly terrain.,0.7650376748589293,0.25469962093615756,0.12890625,0.4455296206354088,0.37837688572843087
16,/mnt/data/satcap_dataset/images/sample_0016.png,dense vegetation near river; scattered settlements; cool surface; hilly terrain.,0.7779345147945368,0.24640290323739839,0.150390625,0.4422203616761906,0.38108117564451494
17,/mnt/data/satcap_dataset/images/sample_0017.png,dense vegetation near river; scattered settlements; cool surface; hilly terrain.,0.7944843388624953,0.22256639656925925,0.150390625,0.42685460428857724,0.38624817997317284
18,/mnt/data/satcap_dataset/images/sample_0018.png,dense vegetation near river; scattered settlements; cool surface; hilly terrain.,0.7716224733448713,0.24377435749899867,0.150390625,0.4387275441559725,0.37498803450627644
19,/mnt/data/satcap_dataset/images/sample_0019.png,dense vegetation near river; scattered settlements; cool surface; hilly terrain.,0.7609958260374655,0.251909018343218,0.138671875,0.44549628823295095,0.3735103299534679
20,/mnt/data/satcap_dataset/images/sample_0020.png,dense vegetation near river; scattered settlements; cool surface; hilly terrain.,0.79320302802214,0.2205541479915278,0.150390625,0.4322382579323518,0.378294090567077
21,/mnt/data/satcap_dataset/images/sample_0021.png,dense vegetation near river; scattered settlements; cool surface; hilly terrain.,0.7744085095796621,0.23967697565666232,0.126953125,0.44117504589323536,0.3778620419857385
22,/mnt/data/satcap_dataset/images/sample_0022.png,dense vegetation near river; scattered settlements; cool surface; hilly terrain.,0.7612176578116441,0.2549279488241057,0.150390625,0.44401138811332774,0.3933114060963722
23,/mnt/data/satcap_dataset/images/sample_0023.png,dense vegetation near river; scattered settlements; cool surface; hilly terrain.,0.7728434364081755,0.24493369649824315,0.142578125,0.4411215818820465,0.395844204634625
24,/mnt/data/satcap_dataset/images/sample_0024.png,dense vegetation near river; scattered settlements; mild surface; hilly terrain.,0.7112975143858962,0.304562564355142,0.138671875,0.4693819511842874,0.3756442267581782
25,/mnt/data/satcap_dataset/images/sample_0025.png,dense vegetation near river; scattered settlements; cool surface; hilly terrain.,0.775744936294833,0.24157123210049697,0.150390625,0.4406167474511303,0.35287387188636976
26,/mnt/data/satcap_dataset/images/sample_0026.png,dense vegetation near river; scattered settlements; cool surface; hilly terrain.,0.7763520053961923,0.24119246268949002,0.126953125,0.44055821935201356,0.38441964704522186
27,/mnt/data/satcap_dataset/images/sample_0027.png,dense vegetation near river; scattered settlements; cool surface; hilly terrain.,0.7770478710295536,0.2333326103472342,0.13671875,0.4381821324510931,0.367754230259255
28,/mnt/data/satcap_dataset/images/sample_0028.png,dense vegetation near river; scattered settlements; cool surface; hilly terrain.,0.7816608820567895,0.237883530933384,0.1484375,0.44033561956137157,0.37020199361649264
29,/mnt/data/satcap_dataset/images/sample_0029.png,dense vegetation near river; scattered settlements; cool surface; hilly terrain.,0.7913400392432726,0.22443792426124787,0.12890625,0.4315313708452986,0.3829696131767494
30,/mnt/data/satcap_dataset/images/sample_0030.png,dense vegetation near river; scattered settlements; mild surface; hilly terrain.,0.7537941801117624,0.26389459534124077,0.126953125,0.45276936845447624,0.3844676613669321
31,/mnt/data/satcap_dataset/images/sample_0031.png,dense vegetation near river; scattered settlements; cool surface; hilly terrain.,0.776584808143083,0.24447174399011812,0.142578125,0.4404232964794518,0.3971056636537434
32,/mnt/data/satcap_dataset/images/sample_0032.png,dense vegetation near river; scattered settlements; cool surface; hilly terrain.,0.7771514291022553,0.2454548764340464,0.13671875,0.4408669105912217,0.38956982535205553
33,/mnt/data/satcap_dataset/images/sample_0033.png,dense vegetation near river; scattered settlements; cool surface; hilly terrain.,0.7857397486850416,0.22959802727039613,0.138671875,0.4340329526858022,0.38551382902893194
34,/mnt/data/satcap_dataset/images/sample_0034.png,dense vegetation near river; scattered settlements; cool surface; hilly terrain.,0.7575850865795813,0.26204994065963744,0.12890625,0.44713706270441517,0.38321785991335944
35,/mnt/data/satcap_dataset/images/sample_0035.png,dense vegetation near river; scattered settlements; cool surface; hilly terrain.,0.7624577739060108,0.2589119565418917,0.138671875,0.4461735838243935,0.38462405974375496
36,/mnt/data/satcap_dataset/images/sample_0036.png,dense vegetation near river; scattered settlements; cool surface; hilly terrain.,0.7792395784639716,0.23506986132659335,0.142578125,0.43710460396033246,0.38419453944919973
37,/mnt/data/satcap_dataset/images/sample_0037.png,dense vegetation near river; scattered settlements; cool surface; hilly terrain.,0.7849538319262771,0.23186791843181134,0.138671875,0.4356400013200741,0.37561450950370723
38,/mnt/data/satcap_dataset/images/sample_0038.png,dense vegetation near river; scattered settlements; cool surface; hilly terrain.,0.7596141417480631,0.26133986348773397,0.150390625,0.44473042248571304,0.3811367771520474
39,/mnt/data/satcap_dataset/images/sample_0039.png,dense vegetation near river; scattered settlements; cool surface; hilly terrain.,0.7661857493439082,0.25667399891516285,0.1328125,0.4455445371762009,0.35242828877576604
40,/mnt/data/satcap_dataset/images/sample_0040.png,dense vegetation near river; scattered settlements; cool surface; hilly terrain.,0.7676926035859812,0.25809656848499113,0.150390625,0.444571734359,0.37161392590287645
41,/mnt/data/satcap_dataset/images/sample_0041.png,dense vegetation near river; scattered settlements; cool surface; hilly terrain.,0.7807302106245725,0.23680939489760125,0.126953125,0.4353357763450734,0.4080642460682766
42,/mnt/data/satcap_dataset/images/sample_0042.png,dense vegetation near river; scattered settlements; cool surface; hilly terrain.,0.781101766871607,0.2336617315116881,0.146484375,0.43488826022450344,0.4063161203938893
43,/mnt/data/satcap_dataset/images/sample_0043.png,dense vegetation near river; scattered settlements; cool surface; hilly terrain.,0.7767244070721293,0.24637687078846016,0.150390625,0.4405934356436296,0.3967889124210219
44,/mnt/data/satcap_dataset/images/sample_0044.png,dense vegetation near river; scattered settlements; cool surface; hilly terrain.,0.7844652010124922,0.23352832306909677,0.12890625,0.4360149187669371,0.35860872238899716
45,/mnt/data/satcap_dataset/images/sample_0045.png,dense vegetation near river; scattered settlements; cool surface; hilly terrain.,0.7748675190287124,0.24319969635381783,0.138671875,0.4389671923914503,0.40755858302761827
46,/mnt/data/satcap_dataset/images/sample_0046.png,dense vegetation near river; scattered settlements; cool surface; hilly terrain.,0.7881804208418737,0.2282704051335806,0.138671875,0.4337998754626591,0.37177392952847255
47,/mnt/data/satcap_dataset/images/sample_0047.png,dense vegetation near river; scattered settlements; cool surface; hilly terrain.,0.7878868360822129,0.22621113712057123,0.138671875,0.43503826713838273,0.36891094653244305
48,/mnt/data/satcap_dataset/images/sample_0048.png,dense vegetation near river; scattered settlements; mild surface; hilly terrain.,0.7539941493038929,0.26128349130385253,0.12890625,0.4515364604074784,0.3647634918848134
49,/mnt/data/satcap_dataset/images/sample_0049.png,dense vegetation near river; scattered settlements; cool surface; hilly terrain.,0.7970452816318144,0.22754195571623395,0.150390625,0.4319308092191666,0.39213913688684077
50,/mnt/data/satcap_dataset/images/sample_0050.png,dense vegetation near river; scattered settlements; cool surface; hilly terrain.,0.7661080876732398,0.25496674128044117,0.13671875,0.44671658318692103,0.35762243691074286
51,/mnt/data/satcap_dataset/images/sample_0051.png,dense vegetation near river; scattered settlements; cool surface; hilly terrain.,0.7631381032655506,0.2660309442357881,0.12890625,0.4470748732048044,0.3602286193780593
52,/mnt/data/satcap_dataset/images/sample_0052.png,dense vegetation near river; scattered settlements; cool surface; hilly terrain.,0.7837092589896344,0.24867484425344413,0.142578125,0.44011855012248585,0.38837980564283436
53,/mnt/data/satcap_dataset/images/sample_0053.png,dense vegetation near river; scattered settlements; cool surface; hilly terrain.,0.7676434017557983,0.2540356908904232,0.150390625,0.4458057463310079,0.36669674875699537
54,/mnt/data/satcap_dataset/images/sample_0054.png,dense vegetation near river; scattered settlements; cool surface; hilly terrain.,0.7659853256439253,0.25414001819725923,0.138671875,0.4455811832361358,0.3840410344917545
55,/mnt/data/satcap_dataset/images/sample_0055.png,dense vegetation near river; scattered settlements; cool surface; hilly terrain.,0.7788242909481105,0.24086069890563794,0.138671875,0.4394808008089309,0.3767777038121953
56,/mnt/data/satcap_dataset/images/sample_0056.png,dense vegetation near river; scattered settlements; cool surface; hilly terrain.,0.7673244607321696,0.24525860785891443,0.138671875,0.44200399621472153,0.3530950987165871
57,/mnt/data/satcap_dataset/images/sample_0057.png,dense vegetation near river; scattered settlements; cool surface; hilly terrain.,0.7936585644317544,0.22789568748112307,0.12890625,0.4344347476169842,0.3923128494037692
58,/mnt/data/satcap_dataset/images/sample_0058.png,dense vegetation near river; scattered settlements; mild surface; hilly terrain.,0.7421227328689001,0.2813240391234505,0.12890625,0.4550396127666848,0.3862297930069317
59,/mnt/data/satcap_dataset/images/sample_0059.png,dense vegetation near river; scattered settlements; cool surface; hilly terrain.,0.7767559762255997,0.24269347292184135,0.150390625,0.4380996069075638,0.36804849154439334
60,/mnt/data/satcap_dataset/images/sample_0060.png,dense vegetation near river; scattered settlements; cool surface; hilly terrain.,0.7628779115266917,0.2585479132097989,0.150390625,0.4453813884287811,0.36024986872094766
61,/mnt/data/satcap_dataset/images/sample_0061.png,dense vegetation near river; scattered settlements; cool surface; hilly terrain.,0.7716602076378996,0.24943520550709997,0.13671875,0.4428590156336698,0.38585779228155936
62,/mnt/data/satcap_dataset/images/sample_0062.png,dense vegetation near river; scattered settlements; cool surface; hilly terrain.,0.7713963762405806,0.24195338190102697,0.150390625,0.43712491748229954,0.3618419819466164
63,/mnt/data/satcap_dataset/images/sample_0063.png,dense vegetation near river; scattered settlements; cool surface; hilly terrain.,0.7685090402720032,0.2459770863985824,0.126953125,0.4432167003953742,0.3792430096231877
64,/mnt/data/satcap_dataset/images/sample_0064.png,dense vegetation near river; scattered settlements; cool surface; hilly terrain.,0.7793161274124105,0.2364465280719681,0.12890625,0.43746450383251223,0.38563131620227437
65,/mnt/data/satcap_dataset/images/sample_0065.png,dense vegetation near river; scattered settlements; cool surface; hilly terrain.,0.7638347772561109,0.2570669799104745,0.142578125,0.4443062001102228,0.3908058929204223
66,/mnt/data/satcap_dataset/images/sample_0066.png,dense vegetation near river; scattered settlements; mild surface; hilly terrain.,0.7509433390172353,0.26428506185782197,0.150390625,0.45094131906973256,0.3825512551786968
67,/mnt/data/satcap_dataset/images/sample_0067.png,dense vegetation near river; scattered settlements; cool surface; hilly terrain.,0.7769481452786027,0.24272115987751075,0.142578125,0.43972181860182,0.37327853610901196
68,/mnt/data/satcap_dataset/images/sample_0068.png,dense vegetation near river; scattered settlements; cool surface; hilly terrain.,0.787547910899288,0.22939745165131678,0.13671875,0.4342188193128206,0.3701389890028751
69,/mnt/data/satcap_dataset/images/sample_0069.png,dense vegetation near river; scattered settlements; cool surface; hilly terrain.,0.7870291843455921,0.23287029583736407,0.126953125,0.43153228859351417,0.3664745536006503
70,/mnt/data/satcap_dataset/images/sample_0070.png,dense vegetation near river; scattered settlements; cool surface; hilly terrain.,0.754663742166041,0.2611202215833821,0.138671875,0.44889824664389566,0.37216952734147773
71,/mnt/data/satcap_dataset/images/sample_0071.png,dense vegetation near river; scattered settlements; cool surface; flat terrain.,0.7694808086698668,0.24988496297424992,0.1484375,0.43844896269726846,0.34624076431530193
72,/mnt/data/satcap_dataset/images/sample_0072.png,dense vegetation near river; scattered settlements; cool surface; hilly terrain.,0.7657836267473632,0.2616258440777723,0.13671875,0.44766369209958823,0.3839955429559424
73,/mnt/data/satcap_dataset/images/sample_0073.png,dense vegetation near river; scattered settlements; cool surface; hilly terrain.,0.7651780267363963,0.2553376378420399,0.138671875,0.44762842911432343,0.3684890739220369
74,/mnt/data/satcap_dataset/images/sample_0074.png,dense vegetation near river; scattered settlements; cool surface; hilly terrain.,0.7660460557040845,0.25612948306405825,0.146484375,0.4443242732376753,0.3745255379604335
75,/mnt/data/satcap_dataset/images/sample_0075.png,dense vegetation near river; scattered settlements; cool surface; flat terrain.,0.7774242328280612,0.23804746111542657,0.142578125,0.4399285767388299,0.33816065308977084
76,/mnt/data/satcap_dataset/images/sample_0076.png,dense vegetation near river; scattered settlements; mild surface; hilly terrain.,0.7506606646732057,0.2678601496617545,0.1484375,0.45033683199317803,0.35719458140215465
77,/mnt/data/satcap_dataset/images/sample_0077.png,dense vegetation near river; scattered settlements; cool surface; hilly terrain.,0.781539225518211,0.23495035643459639,0.126953125,0.436491997792423,0.3808329800914887
78,/mnt/data/satcap_dataset/images/sample_0078.png,dense vegetation near river; scattered settlements; cool surface; hilly terrain.,0.781273015115837,0.23479143747585204,0.126953125,0.4380138130496686,0.40933302035002983
79,/mnt/data/satcap_dataset/images/sample_0079.png,dense vegetation near river; scattered settlements; cool surface; hilly terrain.,0.7886816193555413,0.22748191139187401,0.138671875,0.43299075545472554,0.37461641852978234
80,/mnt/data/satcap_dataset/images/sample_0080.png,dense vegetation near river; scattered settlements; cool surface; hilly terrain.,0.7838190331712349,0.23073721333176456,0.126953125,0.43705001661900544,0.3866762926341042
81,/mnt/data/satcap_dataset/images/sample_0081.png,dense vegetation near river; scattered settlements; cool surface; hilly terrain.,0.7691079429718561,0.25003604137007834,0.1484375,0.44352476981674127,0.36674289752518807
82,/mnt/data/satcap_dataset/images/sample_0082.png,dense vegetation near river; scattered settlements; cool surface; hilly terrain.,0.7652170519425529,0.25158870165890423,0.140625,0.4425944721795233,0.38912988890547984
83,/mnt/data/satcap_dataset/images/sample_0083.png,dense vegetation near river; scattered settlements; cool surface; hilly terrain.,0.7641195643152194,0.2588571518109042,0.126953125,0.4471926241898588,0.4003511890242727
84,/mnt/data/satcap_dataset/images/sample_0084.png,dense vegetation near river; scattered settlements; cool surface; hilly terrain.,0.7665895060591559,0.25502333158565926,0.138671875,0.44952538868192427,0.38597161445345557
85,/mnt/data/satcap_dataset/images/sample_0085.png,dense vegetation near river; scattered settlements; cool surface; hilly terrain.,0.7768986288307069,0.23668923914548648,0.13671875,0.4393300678228609,0.3744165117760597
86,/mnt/data/satcap_dataset/images/sample_0086.png,dense vegetation near river; scattered settlements; cool surface; hilly terrain.,0.7645158656972834,0.2552449266148975,0.12890625,0.44674986703586417,0.37477537663016525
87,/mnt/data/satcap_dataset/images/sample_0087.png,dense vegetation near river; scattered settlements; cool surface; hilly terrain.,0.7860026404868183,0.2287704702202507,0.13671875,0.4351479760347656,0.3864714692808705
88,/mnt/data/satcap_dataset/images/sample_0088.png,dense vegetation near river; scattered settlements; cool surface; hilly terrain.,0.7680719328407908,0.2566774897488664,0.126953125,0.4465850206844413,0.3832338890058806
89,/mnt/data/satcap_dataset/images/sample_0089.png,dense vegetation near river; scattered settlements; cool surface; hilly terrain.,0.7917839056623402,0.22870263890303244,0.142578125,0.43636130971743214,0.36767051637937265
90,/mnt/data/satcap_dataset/images/sample_0090.png,dense vegetation near river; scattered settlements; mild surface; hilly terrain.,0.7350911588081235,0.2805425982905211,0.126953125,0.457060379486564,0.3653966880370264
91,/mnt/data/satcap_dataset/images/sample_0091.png,dense vegetation near river; scattered settlements; cool surface; hilly terrain.,0.7731438062763007,0.2450636274982556,0.126953125,0.44162276871502415,0.3595584254290096
92,/mnt/data/satcap_dataset/images/sample_0092.png,dense vegetation near river; scattered settlements; cool surface; hilly terrain.,0.78114549202641,0.23818501848358592,0.150390625,0.43681184104390675,0.39915607371264095
93,/mnt/data/satcap_dataset/images/sample_0093.png,dense vegetation near river; scattered settlements; cool surface; hilly terrain.,0.7735937852638046,0.2416906137790406,0.138671875,0.4414461521328379,0.4042010084665736
94,/mnt/data/satcap_dataset/images/sample_0094.png,dense vegetation near river; scattered settlements; cool surface; hilly terrain.,0.7720677010082347,0.24744970465292715,0.150390625,0.4381295214164791,0.37090034220810314
95,/mnt/data/satcap_dataset/images/sample_0095.png,dense vegetation near river; scattered settlements; cool surface; hilly terrain.,0.772619471632394,0.24430173636678085,0.1484375,0.437172739375695,0.3634775487491826
96,/mnt/data/satcap_dataset/images/sample_0096.png,dense vegetation near river; scattered settlements; cool surface; hilly terrain.,0.7913727082541542,0.22437137901627166,0.13671875,0.4311440241803356,0.3857906080304767
97,/mnt/data/satcap_dataset/images/sample_0097.png,dense vegetation near river; scattered settlements; cool surface; hilly terrain.,0.7786685643869624,0.24281494498738926,0.150390625,0.4400396296887925,0.39268805781703986
98,/mnt/data/satcap_dataset/images/sample_0098.png,dense vegetation near river; scattered settlements; mild surface; hilly terrain.,0.7512686070673624,0.27092893463438866,0.13671875,0.45199472680203834,0.355965707409873
99,/mnt/data/satcap_dataset/images/sample_0099.png,dense vegetation near river; scattered settlements; cool surface; hilly terrain.,0.7700641693048785,0.24065574014365498,0.126953125,0.4383065666056856,0.37510677878018595
100,/mnt/data/satcap_dataset/images/sample_0100.png,dense vegetation near river; scattered settlements; cool surface; hilly terrain.,0.7711696998107875,0.2484027254540126,0.138671875,0.44199440028959885,0.39020956642826243
101,/mnt/data/satcap_dataset/images/sample_0101.png,dense vegetation near river; scattered settlements; cool surface; hilly terrain.,0.7652675124649115,0.25115240240679665,0.13671875,0.44195519072651,0.3710935563967352
102,/mnt/data/satcap_dataset/images/sample_0102.png,dense vegetation near river; scattered settlements; cool surface; hilly terrain.,0.7606940014688058,0.2657465850298567,0.142578125,0.4478597133907291,0.35452077277692157
103,/mnt/data/satcap_dataset/images/sample_0103.png,dense vegetation near river; scattered settlements; cool surface; hilly terrain.,0.7714177400391469,0.24516082154337412,0.12890625,0.4414144353980836,0.3882138755506693
104,/mnt/data/satcap_dataset/images/sample_0104.png,dense vegetation near river; scattered settlements; cool surface; hilly terrain.,0.7733824334172609,0.24695545473714,0.13671875,0.44478874683442643,0.3874793780530258
105,/mnt/data/satcap_dataset/images/sample_0105.png,dense vegetation near river; scattered settlements; cool surface; hilly terrain.,0.7619726719739213,0.2655420252953963,0.138671875,0.4498759410492218,0.3770150257960191
106,/mnt/data/satcap_dataset/images/sample_0106.png,dense vegetation near river; scattered settlements; cool surface; hilly terrain.,0.7710599328225165,0.24611546179185317,0.150390625,0.43973045688044854,0.4153094860561071
107,/mnt/data/satcap_dataset/images/sample_0107.png,dense vegetation near river; scattered settlements; cool surface; hilly terrain.,0.761866967651392,0.2527095982527807,0.126953125,0.44330947949126315,0.37877997660014473
108,/mnt/data/satcap_dataset/images/sample_0108.png,dense vegetation near river; scattered settlements; cool surface; hilly terrain.,0.7695481094426742,0.2408704349553674,0.138671875,0.43983082198590034,0.3737695318866213
109,/mnt/data/satcap_dataset/images/sample_0109.png,dense vegetation near river; scattered settlements; cool surface; hilly terrain.,0.7851400883633763,0.23324568001629906,0.138671875,0.4360019447688991,0.4134373976586041
110,/mnt/data/satcap_dataset/images/sample_0110.png,dense vegetation near river; scattered settlements; cool surface; hilly terrain.,0.7688384306444864,0.24802735431888162,0.140625,0.4423017681527093,0.36415464718784224
111,/mnt/data/satcap_dataset/images/sample_0111.png,dense vegetation near river; scattered settlements; cool surface; hilly terrain.,0.7698632333071591,0.2492967487202628,0.142578125,0.44143968557006424,0.3947483068677258
112,/mnt/data/satcap_dataset/images/sample_0112.png,dense vegetation near river; scattered settlements; cool surface; hilly terrain.,0.7749556226707426,0.2481055041500994,0.12890625,0.4433775170509716,0.38165321686608755
113,/mnt/data/satcap_dataset/images/sample_0113.png,dense vegetation near river; scattered settlements; cool surface; hilly terrain.,0.7768300813464357,0.24432358246755242,0.150390625,0.4406371802165601,0.37743304933196087
114,/mnt/data/satcap_dataset/images/sample_0114.png,dense vegetation near river; scattered settlements; cool surface; flat terrain.,0.785039887736658,0.23309917761249221,0.150390625,0.4363100982866872,0.3474825625867936
115,/mnt/data/satcap_dataset/images/sample_0115.png,dense vegetation near river; scattered settlements; cool surface; hilly terrain.,0.7776932062679336,0.234708962714826,0.13671875,0.4370320469331521,0.38357792518326184
116,/mnt/data/satcap_dataset/images/sample_0116.png,dense vegetation near river; scattered settlements; cool surface; hilly terrain.,0.7870018513337164,0.2316019274622793,0.150390625,0.43560272619072804,0.3740662910441029
117,/mnt/data/satcap_dataset/images/sample_0117.png,dense vegetation near river; scattered settlements; cool surface; hilly terrain.,0.7980944719271573,0.21613904355680946,0.126953125,0.4286980599871574,0.37448949773032636
118,/mnt/data/satcap_dataset/images/sample_0118.png,dense vegetation near river; scattered settlements; cool surface; hilly terrain.,0.770649758165308,0.24507482958879412,0.126953125,0.4426808585120518,0.3933923854711885
119,/mnt/data/satcap_dataset/images/sample_0119.png,dense vegetation near river; scattered settlements; cool surface; hilly terrain.,0.787105369228623,0.23046125779504437,0.142578125,0.4353430065850726,0.40939951694637067
120,/mnt/data/satcap_dataset/images/sample_0120.png,dense vegetation near river; scattered settlements; cool surface; flat terrain.,0.792150572801877,0.22535627331428032,0.138671875,0.4319367294331706,0.34919683353988884
121,/mnt/data/satcap_dataset/images/sample_0121.png,dense vegetation near river; scattered settlements; cool surface; hilly terrain.,0.776226560894917,0.24826659380624935,0.150390625,0.44123534385085644,0.3896508793697877
122,/mnt/data/satcap_dataset/images/sample_0122.png,dense vegetation near river; scattered settlements; cool surface; hilly terrain.,0.7661000034445915,0.25357300837030006,0.12890625,0.44785401998189955,0.39303507538343496
123,/mnt/data/satcap_dataset/images/sample_0123.png,dense vegetation near river; scattered settlements; cool surface; hilly terrain.,0.7967038896593324,0.22196935293196102,0.1484375,0.4279465581926395,0.3751962358953631
124,/mnt/data/satcap_dataset/images/sample_0124.png,dense vegetation near river; scattered settlements; cool surface; hilly terrain.,0.7941525575209719,0.22582199640661732,0.142578125,0.43273122318688295,0.4018457406777173
125,/mnt/data/satcap_dataset/images/sample_0125.png,dense vegetation near river; scattered settlements; cool surface; hilly terrain.,0.7737900315013004,0.2476019852259918,0.126953125,0.44159255783829976,0.359559650783866
126,/mnt/data/satcap_dataset/images/sample_0126.png,dense vegetation near river; scattered settlements; cool surface; hilly terrain.,0.7702490523149785,0.24877714089159197,0.150390625,0.440128335861077,0.3992345609431569
127,/mnt/data/satcap_dataset/images/sample_0127.png,dense vegetation near river; scattered settlements; cool surface; flat terrain.,0.7830204271684327,0.23314182624484078,0.13671875,0.4374710039684583,0.34166651110754864
128,/mnt/data/satcap_dataset/images/sample_0128.png,dense vegetation near river; scattered settlements; cool surface; hilly terrain.,0.771050127478015,0.24664298197853912,0.126953125,0.44445793301858705,0.38708763463734597
129,/mnt/data/satcap_dataset/images/sample_0129.png,dense vegetation near river; scattered settlements; cool surface; hilly terrain.,0.7926785175760596,0.22468469441979128,0.12890625,0.4342126338515072,0.3837908302457597
130,/mnt/data/satcap_dataset/images/sample_0130.png,dense vegetation near river; scattered settlements; cool surface; hilly terrain.,0.7684990382189075,0.25588136924769006,0.138671875,0.44769297826459686,0.3782806028039949
131,/mnt/data/satcap_dataset/images/sample_0131.png,dense vegetation near river; scattered settlements; cool surface; hilly terrain.,0.7975606057064748,0.21475770448793613,0.12890625,0.4311627079789561,0.3962370453779006
132,/mnt/data/satcap_dataset/images/sample_0132.png,dense vegetation near river; scattered settlements; mild surface; hilly terrain.,0.7485003043211615,0.27236636271325915,0.142578125,0.4551148085038249,0.3900145567781089
133,/mnt/data/satcap_dataset/images/sample_0133.png,dense vegetation near river; scattered settlements; cool surface; hilly terrain.,0.7834289988327188,0.23445061969093065,0.138671875,0.4362915855443793,0.36840699729962645
134,/mnt/data/satcap_dataset/images/sample_0134.png,dense vegetation near river; scattered settlements; cool surface; hilly terrain.,0.787314059536588,0.22852683799515894,0.1484375,0.4327564761587869,0.3998202354901855
135,/mnt/data/satcap_dataset/images/sample_0135.png,dense vegetation near river; scattered settlements; cool surface; hilly terrain.,0.7934885288584155,0.2172871506967254,0.1484375,0.4295047406878888,0.3541447906617958
136,/mnt/data/satcap_dataset/images/sample_0136.png,dense vegetation near river; scattered settlements; cool surface; hilly terrain.,0.7795577683413819,0.2395554340468013,0.126953125,0.4384955968904175,0.39389486923020056
137,/mnt/data/satcap_dataset/images/sample_0137.png,dense vegetation near river; scattered settlements; cool surface; hilly terrain.,0.7675830363590965,0.24046100926527492,0.150390625,0.4385877586617572,0.36074332702279377
138,/mnt/data/satcap_dataset/images/sample_0138.png,dense vegetation near river; scattered settlements; cool surface; hilly terrain.,0.7654173449007802,0.24908115457755625,0.13671875,0.44348789919649234,0.3804095414256353
139,/mnt/data/satcap_dataset/images/sample_0139.png,dense vegetation near river; scattered settlements; cool surface; hilly terrain.,0.7773971369698506,0.2419115571051809,0.138671875,0.4400941802027421,0.39405586132228676
140,/mnt/data/satcap_dataset/images/sample_0140.png,dense vegetation near river; scattered settlements; cool surface; hilly terrain.,0.7721302277330391,0.25123748345860714,0.146484375,0.44400305838854925,0.370307007206079
141,/mnt/data/satcap_dataset/images/sample_0141.png,dense vegetation near river; scattered settlements; cool surface; hilly terrain.,0.798329976115047,0.21602747500985842,0.150390625,0.4299288435196419,0.3898723514116299
142,/mnt/data/satcap_dataset/images/sample_0142.png,dense vegetation near river; scattered settlements; cool surface; hilly terrain.,0.7668947381664262,0.25217248200578457,0.138671875,0.44450500497432255,0.36236465306197924
143,/mnt/data/satcap_dataset/images/sample_0143.png,dense vegetation near river; scattered settlements; cool surface; hilly terrain.,0.8002409865368196,0.21454583216593565,0.126953125,0.42927480891012265,0.3727310689883408
144,/mnt/data/satcap_dataset/images/sample_0144.png,dense vegetation near river; scattered settlements; cool surface; hilly terrain.,0.7837970366288676,0.23848128435984572,0.150390625,0.4368501458465875,0.3830445959303563
145,/mnt/data/satcap_dataset/images/sample_0145.png,dense vegetation near river; scattered settlements; cool surface; hilly terrain.,0.7765795858823683,0.23882980818216365,0.12890625,0.4416479208486819,0.3853841534653973
146,/mnt/data/satcap_dataset/images/sample_0146.png,dense vegetation near river; scattered settlements; cool surface; hilly terrain.,0.7691217221670326,0.24713746664646147,0.146484375,0.43930124181778585,0.3876387201255031
147,/mnt/data/satcap_dataset/images/sample_0147.png,dense vegetation near river; scattered settlements; cool surface; hilly terrain.,0.8018337012720147,0.21810554089681916,0.126953125,0.43186200053061485,0.4037899223878747
148,/mnt/data/satcap_dataset/images/sample_0148.png,dense vegetation near river; scattered settlements; cool surface; hilly terrain.,0.7788054638434008,0.2377582582426023,0.13671875,0.4387135076383708,0.4227366551246852
149,/mnt/data/satcap_dataset/images/sample_0149.png,dense vegetation near river; scattered settlements; cool surface; hilly terrain.,0.7769488319206985,0.24081008665948483,0.138671875,0.4399622209896279,0.38791926660768133
150,/mnt/data/satcap_dataset/images/sample_0150.png,dense vegetation near river; scattered settlements; cool surface; hilly terrain.,0.7751468852864868,0.23780725978862066,0.150390625,0.43848410242062363,0.37472063215266993
151,/mnt/data/satcap_dataset/images/sample_0151.png,dense vegetation near river; scattered settlements; mild surface; flat terrain.,0.7512972255045595,0.2655093134737191,0.13671875,0.4513583381753934,0.34828185319203764
152,/mnt/data/satcap_dataset/images/sample_0152.png,dense vegetation near river; scattered settlements; cool surface; hilly terrain.,0.8043145805477021,0.20968332190865513,0.126953125,0.42405615661584173,0.3811900706973931
153,/mnt/data/satcap_dataset/images/sample_0153.png,dense vegetation near river; scattered settlements; cool surface; hilly terrain.,0.7820279469166702,0.23599339693331206,0.12890625,0.43894453296762803,0.36387960711569056
154,/mnt/data/satcap_dataset/images/sample_0154.png,dense vegetation near river; scattered settlements; cool surface; hilly terrain.,0.7587441808433228,0.25876873145217255,0.138671875,0.4471414323457873,0.3714838827595333
155,/mnt/data/satcap_dataset/images/sample_0155.png,dense vegetation near river; scattered settlements; cool surface; hilly terrain.,0.7589413061024337,0.2640073610820093,0.150390625,0.44927681105387296,0.3713800197048958
156,/mnt/data/satcap_dataset/images/sample_0156.png,dense vegetation near river; scattered settlements; cool surface; hilly terrain.,0.7912248338705301,0.22789215757196724,0.150390625,0.43138200084726125,0.38472415644622326
157,/mnt/data/satcap_dataset/images/sample_0157.png,dense vegetation near river; scattered settlements; cool surface; hilly terrain.,0.7888371259404521,0.22857542862560257,0.126953125,0.4356946264751336,0.39560203135781524
158,/mnt/data/satcap_dataset/images/sample_0158.png,dense vegetation near river; scattered settlements; cool surface; hilly terrain.,0.7805706634473089,0.23574397333998487,0.13671875,0.43671081578900106,0.39287563902597045
159,/mnt/data/satcap_dataset/images/sample_0159.png,dense vegetation near river; scattered settlements; cool surface; hilly terrain.,0.7729443519797629,0.24095052048454935,0.126953125,0.44071083938552513,0.38412423431345866
160,/mnt/data/satcap_dataset/images/sample_0160.png,dense vegetation near river; scattered settlements; cool surface; hilly terrain.,0.7699903827305893,0.2504571277364911,0.126953125,0.4423912634658804,0.3607917735014122
161,/mnt/data/satcap_dataset/images/sample_0161.png,dense vegetation near river; scattered settlements; cool surface; hilly terrain.,0.7639129318656455,0.25010461668248973,0.126953125,0.4479699204893757,0.3866596904137484
162,/mnt/data/satcap_dataset/images/sample_0162.png,dense vegetation near river; scattered settlements; mild surface; hilly terrain.,0.7630544567284814,0.26354069403482827,0.146484375,0.4512446596557266,0.4060785483254431
163,/mnt/data/satcap_dataset/images/sample_0163.png,dense vegetation near river; scattered settlements; cool surface; hilly terrain.,0.7658162113857152,0.25374063965487964,0.126953125,0.44403841393079224,0.3600787847964443
164,/mnt/data/satcap_dataset/images/sample_0164.png,dense vegetation near river; scattered settlements; cool surface; hilly terrain.,0.7848113610884113,0.23845215905246975,0.138671875,0.4366128307551783,0.39975466828985684
165,/mnt/data/satcap_dataset/images/sample_0165.png,dense vegetation near river; scattered settlements; cool surface; hilly terrain.,0.7861914028912251,0.23577958736149066,0.126953125,0.4381906002743977,0.381438969098865
166,/mnt/data/satcap_dataset/images/sample_0166.png,dense vegetation near river; scattered settlements; cool surface; hilly terrain.,0.7833381666184774,0.23929448538177012,0.138671875,0.43761141535844156,0.4105419529787979
167,/mnt/data/satcap_dataset/images/sample_0167.png,dense vegetation near river; scattered settlements; cool surface; hilly terrain.,0.7895909283044229,0.23221780426502014,0.12890625,0.4355172801066066,0.3539592838207727
168,/mnt/data/satcap_dataset/images/sample_0168.png,dense vegetation near river; scattered settlements; cool surface; hilly terrain.,0.7533268995074541,0.2637808870254208,0.150390625,0.44945229907790174,0.3623720211524628
169,/mnt/data/satcap_dataset/images/sample_0169.png,dense vegetation near river; scattered settlements; cool surface; hilly terrain.,0.7737602762847346,0.24127490301613924,0.146484375,0.43818212181288685,0.3791593861869996
170,/mnt/data/satcap_dataset/images/sample_0170.png,dense vegetation near river; scattered settlements; cool surface; hilly terrain.,0.7627687723459641,0.2485372769729226,0.12890625,0.4393865807804638,0.36377302513504406
171,/mnt/data/satcap_dataset/images/sample_0171.png,dense vegetation near river; scattered settlements; cool surface; hilly terrain.,0.7915288898696635,0.21667970514601204,0.142578125,0.4282516773431136,0.377746512493115
172,/mnt/data/satcap_dataset/images/sample_0172.png,dense vegetation near river; scattered settlements; cool surface; hilly terrain.,0.7519855435602278,0.26489985979289365,0.146484375,0.44874830736917104,0.38543515780166404
173,/mnt/data/satcap_dataset/images/sample_0173.png,dense vegetation near river; scattered settlements; cool surface; hilly terrain.,0.770927990232343,0.248145623882554,0.150390625,0.4413828605851565,0.3583658716397427
174,/mnt/data/satcap_dataset/images/sample_0174.png,dense vegetation near river; scattered settlements; cool surface; hilly terrain.,0.7695331870091315,0.24307277771387692,0.146484375,0.44257656740418827,0.3676964606820263
175,/mnt/data/satcap_dataset/images/sample_0175.png,dense vegetation near river; scattered settlements; cool surface; hilly terrain.,0.7705580590415184,0.24545560319141127,0.138671875,0.44205623310042397,0.36645898994979104
176,/mnt/data/satcap_dataset/images/sample_0176.png,dense vegetation near river; scattered settlements; cool surface; hilly terrain.,0.7928377602929508,0.22602273663802064,0.138671875,0.43211859522236784,0.3772675735728274
177,/mnt/data/satcap_dataset/images/sample_0177.png,dense vegetation near river; scattered settlements; cool surface; hilly terrain.,0.7629896766740747,0.25290932220779216,0.12890625,0.44950651846232537,0.36399468309585425
178,/mnt/data/satcap_dataset/images/sample_0178.png,dense vegetation near river; scattered settlements; cool surface; hilly terrain.,0.7689437298646066,0.2527193127374613,0.142578125,0.4459913290797039,0.38404074061508087
179,/mnt/data/satcap_dataset/images/sample_0179.png,dense vegetation near river; scattered settlements; cool surface; hilly terrain.,0.7850501662840256,0.22627207306871674,0.142578125,0.4345913548484231,0.3818214521221114
180,/mnt/data/satcap_dataset/images/sample_0180.png,dense vegetation near river; scattered settlements; cool surface; hilly terrain.,0.7665495443848513,0.2504058011064836,0.13671875,0.4430374240005903,0.37066649654573486
181,/mnt/data/satcap_dataset/images/sample_0181.png,dense vegetation near river; scattered settlements; cool surface; hilly terrain.,0.7520828467686378,0.26484948981037915,0.138671875,0.4490885264252745,0.3985818186403652
182,/mnt/data/satcap_dataset/images/sample_0182.png,dense vegetation near river; scattered settlements; cool surface; hilly terrain.,0.7812442191717324,0.23723088415133203,0.150390625,0.4375529260389883,0.36197064389120004
183,/mnt/data/satcap_dataset/images/sample_0183.png,dense vegetation near river; scattered settlements; cool surface; hilly terrain.,0.7854485995756328,0.22958637277129967,0.126953125,0.4375703499863603,0.39111461958404364
184,/mnt/data/satcap_dataset/images/sample_0184.png,dense vegetation near river; scattered settlements; cool surface; hilly terrain.,0.776179098355325,0.24474546784018503,0.150390625,0.43865671788365046,0.36631127043146783
185,/mnt/data/satcap_dataset/images/sample_0185.png,dense vegetation near river; scattered settlements; cool surface; hilly terrain.,0.7664548736508842,0.25057397964857525,0.146484375,0.4446137336992251,0.37927653308746484
186,/mnt/data/satcap_dataset/images/sample_0186.png,dense vegetation near river; scattered settlements; cool surface; hilly terrain.,0.7773478719268306,0.24053347887840537,0.150390625,0.43905757709936155,0.384596051692976
187,/mnt/data/satcap_dataset/images/sample_0187.png,dense vegetation near river; scattered settlements; cool surface; hilly terrain.,0.7718633493766881,0.24577151585210744,0.138671875,0.44435082624876143,0.3677654276301455
188,/mnt/data/satcap_dataset/images/sample_0188.png,dense vegetation near river; scattered settlements; cool surface; hilly terrain.,0.7576635402827689,0.26444550278172496,0.150390625,0.4498920281896074,0.3881629859157206
189,/mnt/data/satcap_dataset/images/sample_0189.png,dense vegetation near river; scattered settlements; cool surface; hilly terrain.,0.7743269023880787,0.24814394505741819,0.150390625,0.4419050070825915,0.41958429738023806
190,/mnt/data/satcap_dataset/images/sample_0190.png,dense vegetation near river; scattered settlements; cool surface; hilly terrain.,0.7785670519767783,0.23861624446014512,0.138671875,0.4396761839806934,0.3971112798836348
191,/mnt/data/satcap_dataset/images/sample_0191.png,dense vegetation near river; scattered settlements; cool surface; hilly terrain.,0.7842561517544411,0.23496776408254252,0.138671875,0.4348903807813226,0.36753847134096984
192,/mnt/data/satcap_dataset/images/sample_0192.png,dense vegetation near river; scattered settlements; mild surface; hilly terrain.,0.7459053018069046,0.2720966445636245,0.146484375,0.4532329334240358,0.388408817374869
193,/mnt/data/satcap_dataset/images/sample_0193.png,dense vegetation near river; scattered settlements; cool surface; flat terrain.,0.7883087130733153,0.2281995045837253,0.126953125,0.43427419186889005,0.34701724631555486
194,/mnt/data/satcap_dataset/images/sample_0194.png,dense vegetation near river; scattered settlements; cool surface; hilly terrain.,0.7727022584941916,0.24452982258906258,0.142578125,0.44062350381475957,0.36580372833330554
195,/mnt/data/satcap_dataset/images/sample_0195.png,dense vegetation near river; scattered settlements; cool surface; hilly terrain.,0.7745190947755641,0.2435641595646643,0.138671875,0.44344772261004506,0.38697188169048113
196,/mnt/data/satcap_dataset/images/sample_0196.png,dense vegetation near river; scattered settlements; cool surface; hilly terrain.,0.7656992023243787,0.24865809305809228,0.150390625,0.44142091324006816,0.3821845546506496
197,/mnt/data/satcap_dataset/images/sample_0197.png,dense vegetation near river; scattered settlements; cool surface; hilly terrain.,0.7798353893207528,0.23856392612312435,0.126953125,0.44021004241522965,0.37999749689245044
198,/mnt/data/satcap_dataset/images/sample_0198.png,dense vegetation near river; scattered settlements; cool surface; hilly terrain.,0.7687490583868236,0.24805119019339172,0.126953125,0.44174694152612237,0.38283998691130705
199,/mnt/data/satcap_dataset/images/sample_0199.png,dense vegetation near river; scattered settlements; cool surface; hilly terrain.,0.7741142950455822,0.24016697629148256,0.140625,0.43950273307132776,0.38510412163600843
200,/mnt/data/satcap_dataset/images/sample_0200.png,dense vegetation near river; scattered settlements; cool surface; hilly terrain.,0.7743692757717674,0.24661756651747052,0.138671875,0.44126485259524734,0.40249720301330927
201,/mnt/data/satcap_dataset/images/sample_0201.png,dense vegetation near river; scattered settlements; cool surface; hilly terrain.,0.7735802085461084,0.24751860728005795,0.140625,0.44220973784408923,0.3945217586568712
202,/mnt/data/satcap_dataset/images/sample_0202.png,dense vegetation near river; scattered settlements; cool surface; flat terrain.,0.7682377251982697,0.25443767510043624,0.138671875,0.44499248558599674,0.3431099440550077
203,/mnt/data/satcap_dataset/images/sample_0203.png,dense vegetation near river; scattered settlements; cool surface; hilly terrain.,0.7853016469779392,0.23445791699813368,0.1484375,0.43747363586342014,0.39012532157198054
204,/mnt/data/satcap_dataset/images/sample_0204.png,dense vegetation near river; scattered settlements; cool surface; hilly terrain.,0.792956554356171,0.22742594940172522,0.13671875,0.43368674505890337,0.37593222695318806
205,/mnt/data/satcap_dataset/images/sample_0205.png,dense vegetation near river; scattered settlements; cool surface; hilly terrain.,0.7684170377096382,0.24583002112554123,0.13671875,0.44355873720271516,0.36207792818586154
206,/mnt/data/satcap_dataset/images/sample_0206.png,dense vegetation near river; scattered settlements; cool surface; hilly terrain.,0.7660089236924137,0.2541781941401466,0.126953125,0.44558820064701554,0.3905663511369986
207,/mnt/data/satcap_dataset/images/sample_0207.png,dense vegetation near river; scattered settlements; cool surface; hilly terrain.,0.7649285605465088,0.25250515735241574,0.142578125,0.4454926498591463,0.37940010990478684
208,/mnt/data/satcap_dataset/images/sample_0208.png,dense vegetation near river; scattered settlements; cool surface; hilly terrain.,0.7615631067740992,0.2536382626753861,0.142578125,0.44398803762204875,0.3674609517292377
209,/mnt/data/satcap_dataset/images/sample_0209.png,dense vegetation near river; scattered settlements; cool surface; hilly terrain.,0.780537453519394,0.24110969426429085,0.140625,0.4409826310419571,0.3551875333207667
210,/mnt/data/satcap_dataset/images/sample_0210.png,dense vegetation near river; scattered settlements; cool surface; hilly terrain.,0.781894337461982,0.23235525396815138,0.138671875,0.436402511548177,0.38522388638690475
211,/mnt/data/satcap_dataset/images/sample_0211.png,dense vegetation near river; scattered settlements; cool surface; hilly terrain.,0.769920895680384,0.24953116865468664,0.126953125,0.44396708278833275,0.36449951188089924
212,/mnt/data/satcap_dataset/images/sample_0212.png,dense vegetation near river; scattered settlements; cool surface; hilly terrain.,0.7724614602451969,0.241555443456283,0.1484375,0.4357126965282482,0.36342909337192614
213,/mnt/data/satcap_dataset/images/sample_0213.png,dense vegetation near river; scattered settlements; cool surface; hilly terrain.,0.7685898250989684,0.25166643278067813,0.146484375,0.44228797510972884,0.35497395138787646
214,/mnt/data/satcap_dataset/images/sample_0214.png,dense vegetation near river; scattered settlements; cool surface; hilly terrain.,0.7698284971500137,0.24464412896677812,0.1484375,0.4408557103388115,0.39306973892958785
215,/mnt/data/satcap_dataset/images/sample_0215.png,dense vegetation near river; scattered settlements; cool surface; hilly terrain.,0.7792597015737822,0.2384865807627927,0.150390625,0.4373785742762582,0.37479840727508335
216,/mnt/data/satcap_dataset/images/sample_0216.png,dense vegetation near river; scattered settlements; cool surface; hilly terrain.,0.7743241844600093,0.2417436446200502,0.13671875,0.43827329313633345,0.36938006090790887
217,/mnt/data/satcap_dataset/images/sample_0217.png,dense vegetation near river; scattered settlements; mild surface; hilly terrain.,0.7471315570894311,0.26913225812153224,0.150390625,0.4516991275156455,0.3830064059462971
218,/mnt/data/satcap_dataset/images/sample_0218.png,dense vegetation near river; scattered settlements; cool surface; hilly terrain.,0.7642379425315777,0.2580392346876673,0.126953125,0.4473451667414067,0.3773635476675329
219,/mnt/data/satcap_dataset/images/sample_0219.png,dense vegetation near river; scattered settlements; mild surface; flat terrain.,0.7403398199471627,0.2752000333367336,0.138671875,0.4536732834598435,0.34531502366865885
220,/mnt/data/satcap_dataset/images/sample_0220.png,dense vegetation near river; scattered settlements; cool surface; hilly terrain.,0.80560918303299,0.21647520487705058,0.150390625,0.4290481403126327,0.3999393518738861
221,/mnt/data/satcap_dataset/images/sample_0221.png,dense vegetation near river; scattered settlements; cool surface; hilly terrain.,0.7722543234596626,0.24796797238165902,0.150390625,0.4415743220942569,0.370212998035528
222,/mnt/data/satcap_dataset/images/sample_0222.png,dense vegetation near river; scattered settlements; cool surface; hilly terrain.,0.7953029293125614,0.21755525518059243,0.150390625,0.431589568277437,0.3617817451434232
223,/mnt/data/satcap_dataset/images/sample_0223.png,dense vegetation near river; scattered settlements; cool surface; hilly terrain.,0.7990340103897928,0.22198963713954245,0.138671875,0.43262400585944394,0.3715956642497551
224,/mnt/data/satcap_dataset/images/sample_0224.png,dense vegetation near river; scattered settlements; cool surface; hilly terrain.,0.7852355141629014,0.23242609644810008,0.1484375,0.4322823840657247,0.3751315114006846
225,/mnt/data/satcap_dataset/images/sample_0225.png,dense vegetation near river; scattered settlements; cool surface; hilly terrain.,0.7862567751093645,0.23215090084261253,0.13671875,0.43749941901654155,0.38232476110646035
226,/mnt/data/satcap_dataset/images/sample_0226.png,dense vegetation near river; scattered settlements; cool surface; hilly terrain.,0.7905084545060167,0.22888279851797244,0.12890625,0.4337966313178778,0.3840989802062688
227,/mnt/data/satcap_dataset/images/sample_0227.png,dense vegetation near river; scattered settlements; cool surface; hilly terrain.,0.7645903933431427,0.2521530522641684,0.126953125,0.4470317407900683,0.3872770220986068
228,/mnt/data/satcap_dataset/images/sample_0228.png,dense vegetation near river; scattered settlements; cool surface; hilly terrain.,0.7649258279152724,0.2542732141382935,0.138671875,0.44529734058369885,0.4043754192992475
229,/mnt/data/satcap_dataset/images/sample_0229.png,dense vegetation near river; scattered settlements; cool surface; hilly terrain.,0.7609046068862416,0.2559803386959079,0.150390625,0.44348288032699446,0.37263859441902947
230,/mnt/data/satcap_dataset/images/sample_0230.png,dense vegetation near river; scattered settlements; cool surface; hilly terrain.,0.7734324986103982,0.24222950188052872,0.150390625,0.44162947361787536,0.3664848336486657
231,/mnt/data/satcap_dataset/images/sample_0231.png,dense vegetation near river; scattered settlements; cool surface; hilly terrain.,0.7726683307895239,0.2482335826187471,0.142578125,0.4416478058780012,0.39769435559312527
232,/mnt/data/satcap_dataset/images/sample_0232.png,dense vegetation near river; scattered settlements; mild surface; hilly terrain.,0.7402243092867088,0.279447117014472,0.13671875,0.4560159774558956,0.3643464899235639
233,/mnt/data/satcap_dataset/images/sample_0233.png,dense vegetation near river; scattered settlements; mild surface; hilly terrain.,0.7348504001585392,0.2896243207136804,0.13671875,0.46014789578147375,0.37479144970908573
234,/mnt/data/satcap_dataset/images/sample_0234.png,dense vegetation near river; scattered settlements; cool surface; hilly terrain.,0.790535578965985,0.22198373429654392,0.150390625,0.4292215235804228,0.36390305362865333
235,/mnt/data/satcap_dataset/images/sample_0235.png,dense vegetation near river; scattered settlements; cool surface; hilly terrain.,0.7590122603357385,0.25555776867347113,0.126953125,0.44559220992244836,0.3691928176357925
236,/mnt/data/satcap_dataset/images/sample_0236.png,dense vegetation near river; scattered settlements; cool surface; hilly terrain.,0.7645324063857415,0.25324262518048324,0.126953125,0.44373444211426216,0.360918739684193
237,/mnt/data/satcap_dataset/images/sample_0237.png,dense vegetation near river; scattered settlements; cool surface; hilly terrain.,0.7756915442153265,0.24066046575768024,0.138671875,0.4402807708528282,0.35795659161954635
238,/mnt/data/satcap_dataset/images/sample_0238.png,dense vegetation near river; scattered settlements; cool surface; hilly terrain.,0.7612540640358522,0.25813603227980153,0.138671875,0.4468862756834195,0.36276116959418475
239,/mnt/data/satcap_dataset/images/sample_0239.png,dense vegetation near river; scattered settlements; cool surface; hilly terrain.,0.7847078722312464,0.23076528438296015,0.140625,0.4351111531298946,0.37671301884240843
